ticker,publishedAt,title,description,content
AAPL,2025-11-28 15:10:55+00:00,"Earnings live: S&P 500 on track for solid Q3 season, with reports from Macy's, C3.ai, Salesforce on deck","The third quarter earnings season has been mostly positive, with most of the reports in the rearview mirror.","With nearly all S&amp;P 500 (^GSPC) companies' third quarter earnings reports logged, the index is tracking for an earnings growth rate of 13.4%, according to FactSet's John Butters. While 83% of com… [+1710 chars]"
AAPL,2025-11-28 04:02:16+00:00,iflow-mcp_tradingview-mcp 0.1.0,Model Context Protocol server exposing crypto screener tools (TradingView Screener),"A powerful Model Context Protocol (MCP) server that provides advanced cryptocurrency and stock market analysis using TradingView data. Perfect for traders, analysts, and AI assistants who need real-t… [+9267 chars]"
MSFT,2025-11-28 16:38:00+00:00,AI Stocks You Should Buy to Boost and Reenergize Your Portfolio,"Here, we have picked three AI stocks, NVDA, MU and ADI, which are well-poised to benefit from AI's growing use and ability to solve complex problems.","An updated edition of the Oct. 9, 2025, article.
Artificial intelligence (AI) is transforming industries by allowing machines to process massive volumes of data, uncover patterns and make intelligen… [+5901 chars]"
MSFT,2025-11-28 15:10:55+00:00,"Earnings live: S&P 500 on track for solid Q3 season, with reports from Macy's, C3.ai, Salesforce on deck","The third quarter earnings season has been mostly positive, with most of the reports in the rearview mirror.","With nearly all S&amp;P 500 (^GSPC) companies' third quarter earnings reports logged, the index is tracking for an earnings growth rate of 13.4%, according to FactSet's John Butters. While 83% of com… [+1710 chars]"
MSFT,2025-11-28 13:00:02+00:00,Is This Under-the-Radar High-Yield AI Stock a Buy Now?,"Shutterstock offers a 6.37% dividend yield and is pivoting hard into AI data licensing and model training services, but its stock trades 45% below recent...","The global artificial intelligence market is valued at nearly $260 billion in 2025 and is expected to climb past $1.2 trillion by 2030, according to Statista Market Insights. Big tech names like Amaz… [+6297 chars]"
MSFT,2025-11-28 06:21:26+00:00,Microsoft Corporation (MSFT) Pushes Deeper Into Medical AI While Wall Street Stays Bullish,,"If you click 'Accept all', we and our partners, including 240 who are part of the IAB Transparency &amp; Consent Framework, will also store and/or access information on a device (in other words, use … [+714 chars]"
MSFT,2025-11-28 04:02:16+00:00,iflow-mcp_tradingview-mcp 0.1.0,Model Context Protocol server exposing crypto screener tools (TradingView Screener),"A powerful Model Context Protocol (MCP) server that provides advanced cryptocurrency and stock market analysis using TradingView data. Perfect for traders, analysts, and AI assistants who need real-t… [+9267 chars]"
MSFT,2025-11-28 00:30:02+00:00,This AI Dividend Stock Is a Buy Even as the S&P 500’s Yield Falls to Dot-Com Lows,"The S&P 500 Index’s dividend yield is now at levels last seen during the dot-com boom. For tech investors, though, Microsoft looks like a good buy given its ...","Investors have been swamped with headlines comparing todays market, particularly the artificial intelligence (AI) trade, to dot-com days. Big Short investor Michael Burry has also joined the AI bubbl… [+4837 chars]"
NVDA,2025-11-28 16:38:00+00:00,AI Stocks You Should Buy to Boost and Reenergize Your Portfolio,"Here, we have picked three AI stocks, NVDA, MU and ADI, which are well-poised to benefit from AI's growing use and ability to solve complex problems.","An updated edition of the Oct. 9, 2025, article.
Artificial intelligence (AI) is transforming industries by allowing machines to process massive volumes of data, uncover patterns and make intelligen… [+5901 chars]"
NVDA,2025-11-28 15:51:32+00:00,This Is Nvidia’s Price Prediction Heading Into 2026 According To This Market,"Quick Read
-
Nvidia (NVDA) has surged 1,000% since late 2022 but now trades sideways between $170 and $180 per share.
-
Nvidia reported record revenue of $57B in fiscal Q3 with $500B in AI chip orders through 2026.
-
Alphabet secured a multi-billion dollar de…","Quick Read-Nvidia (NVDA) has surged 1,000% since late 2022 but now trades sideways between $170 and $180 per share.-Nvidia reported record revenue of $57B in fiscal Q3 with $500B in AI chip orders th… [+142 chars]"
NVDA,2025-11-28 15:29:20+00:00,Live Nasdaq Composite: Markets Hold Ground in Tech’s Whipsaw Month,"Live Updates
 Monthly Performance 
 12 minutes ago
 
 Live
 
For the month of November, the Nasdaq Composite is headed for a 1.3% decline ; the S&P 500 is relatively flat; and the Dow Jones Industrial Average has managed a 0.13% increase. Nvidia (Nasdaq: NVDA…","Live UpdatesMonthly Performance 12 minutes ago
Live
For the month of November, the Nasdaq Composite is headed for a 1.3% decline ; the S&amp;P 500 is relatively flat; and the Dow Jones Industrial A… [+144 chars]"
NVDA,2025-11-28 15:29:15+00:00,This Is Nvidia’s Price Prediction Heading Into 2016 According To This Market,"Quick Read
 
 
 Nvidia (NVDA) has surged 1,000% since late 2022 but now trades sideways between $170 and $180 per share. 
 
 Nvidia reported record revenue of $57B in fiscal Q3 with $500B in AI chip orders through 2026. 
 
 Alphabet secured a multi-billion do…","Quick Read
Nvidia (NVDA) has surged 1,000% since late 2022 but now trades sideways between $170 and $180 per share. 
Nvidia reported record revenue of $57B in fiscal Q3 with $500B in AI chip orders… [+140 chars]"
NVDA,2025-11-28 15:10:55+00:00,"Earnings live: S&P 500 on track for solid Q3 season, with reports from Macy's, C3.ai, Salesforce on deck","The third quarter earnings season has been mostly positive, with most of the reports in the rearview mirror.","With nearly all S&amp;P 500 (^GSPC) companies' third quarter earnings reports logged, the index is tracking for an earnings growth rate of 13.4%, according to FactSet's John Butters. While 83% of com… [+1710 chars]"
NVDA,2025-11-28 14:01:09+00:00,"Dow, S&P 500, Nasdaq futures muted as rocky month draws to an end, CME restores trading",CME is gradually resuming operations after a futures outage that halted trading in US stock indexes.,"US stock futures were muted as a holiday-shortened week and downbeat month drew to a close and as the Chicago Mercantile Exchange resumed trading following a data center glitch.
Futures on the Dow J… [+4041 chars]"
NVDA,2025-11-28 14:01:09+00:00,"Dow, S&P 500, Nasdaq open muted as rocky month draws to an end, CME restores trading",CME is gradually resuming operations after a futures outage that halted trading in US stock indexes.,"US stocks opened muted on Friday as a holiday-shortened week and downbeat month drew to a close and as the Chicago Mercantile Exchange resumed trading following a data center glitch.
The tech-heavy … [+5632 chars]"
NVDA,2025-11-28 14:01:09+00:00,"Stock market today: Nasdaq, S&P 500, Dow rise toward a 5th straight day of gains to cap a rocky month",CME is gradually resuming operations after a futures outage that halted trading in US stock indexes.,"US stocks made small gains on Friday as a holiday-shortened week and volatile month drew to a close.
The blue-chip Dow Jones Industrial Average (^DJI) led the market higher on Black Friday, gaining … [+7082 chars]"
NVDA,2025-11-28 12:30:02+00:00,Wall Street Likes Server Stocks After Nvidia’s Q3. Is DELL or HPE Stock a Better Buy Here?,NVDA results and commentary from CEO Jensen Huang support a continued bull market for AI stocks. Dell and HPE are both expected to benefit.,"Nvidia (NVDA) posted another stellar quarterly report, boosting the bull case for scores of other names that stand to benefit from increasing data center spending. The chipmakers data center revenue … [+4063 chars]"
NVDA,2025-11-28 10:34:00+00:00,"US stock futures rose today as Dow, S&P 500 and Nasdaq all in green – here's top pre-market gainers","U.S. stock futures rose on Wednesday. Dow Futures hit 47,542, up 0.11%. S&P 500 Futures touched 6,835, up 0.10%. Nasdaq Futures moved to 25,347.75, up 0.18%. Pre-market gainers were strong. SMX jumped 78.16%. CDT rose 15.46%. Micron gained 3.24%. Crypto-linke…","U.S. stock futures moved higher today. Dow Futures traded at 47,542, up 52 points or 0.11%. The previous close was 47,457.82, up 84.18. S&amp;P 500 Futures stood at 6,835, up 0.10%, after closing at … [+3780 chars]"
NVDA,2025-11-28 06:21:20+00:00,Nvidia (NVDA) Memo Calms Investors as Bernstein Reaffirms Outperform,"NVIDIA Corporation (NASDAQ:NVDA) is one of the AI stocks analysts are betting on. On November 26, Bernstein reaffirmed its Outperform rating on Nvidia and...","NVIDIA Corporation (NASDAQ:NVDA) is one of the AI stocks analysts are betting on. On November 26, Bernstein reaffirmed its Outperform rating on Nvidia and kept its price target at $275, responding to… [+2533 chars]"
NVDA,2025-11-28 00:30:02+00:00,This AI Dividend Stock Is a Buy Even as the S&P 500’s Yield Falls to Dot-Com Lows,"The S&P 500 Index’s dividend yield is now at levels last seen during the dot-com boom. For tech investors, though, Microsoft looks like a good buy given its ...","Investors have been swamped with headlines comparing todays market, particularly the artificial intelligence (AI) trade, to dot-com days. Big Short investor Michael Burry has also joined the AI bubbl… [+4837 chars]"
NVDA,2025-11-28 00:07:37+00:00,"Dow, S&P 500, Nasdaq futures muted as rocky month draws to an end, before CME glitch halts trading",CME is gradually resuming operations after a futures outage that halted trading in US stock indexes.,"US stock futures were muted with a holiday-shortened week and downbeat month drawing to an end, before the Chicago Mercantile Exchange halted trading on Friday due to a data center glitch.
The CME i… [+3380 chars]"
TSLA,2025-11-28 15:10:55+00:00,"Earnings live: S&P 500 on track for solid Q3 season, with reports from Macy's, C3.ai, Salesforce on deck","The third quarter earnings season has been mostly positive, with most of the reports in the rearview mirror.","With nearly all S&amp;P 500 (^GSPC) companies' third quarter earnings reports logged, the index is tracking for an earnings growth rate of 13.4%, according to FactSet's John Butters. While 83% of com… [+1710 chars]"
TSLA,2025-11-28 04:02:16+00:00,iflow-mcp_tradingview-mcp 0.1.0,Model Context Protocol server exposing crypto screener tools (TradingView Screener),"A powerful Model Context Protocol (MCP) server that provides advanced cryptocurrency and stock market analysis using TradingView data. Perfect for traders, analysts, and AI assistants who need real-t… [+9267 chars]"
AMZN,2025-11-28 15:22:41+00:00,Under The Stars 2025 2160p AMZN WEB-DL H 265-FLUX,"Plot: Follows a novelist stuck in a passionless relationship. When he travels to Italy, he finds the girl of his dreams. Genre: Comedy | RomanceIMDB Rating Live: IMDB Rating: 7.2/10 From 43 UsersTMDB Rating: N/ARotten Rating: N/AMetacritic Rating: N/ADirected…","Plot: Follows a novelist stuck in a passionless relationship. When he travels to Italy, he finds the girl of his dreams. 
Genre: Comedy | RomanceIMDB Rating Live:IMDB Rating: 7.2/10 From 43 UsersTMD… [+520 chars]"
AMZN,2025-11-28 15:10:55+00:00,"Earnings live: S&P 500 on track for solid Q3 season, with reports from Macy's, C3.ai, Salesforce on deck","The third quarter earnings season has been mostly positive, with most of the reports in the rearview mirror.","With nearly all S&amp;P 500 (^GSPC) companies' third quarter earnings reports logged, the index is tracking for an earnings growth rate of 13.4%, according to FactSet's John Butters. While 83% of com… [+1710 chars]"
AMZN,2025-11-28 15:06:09+00:00,Amazon Hit By Black Friday Strikes: Thousands Of Workers Walk Off Job In Germany,"Amazon.com Inc (NASDAQ:AMZN) is battling fresh labor unrest as thousands of warehouse workers in Germany walked off the job on Black Friday, escalating global pressure on the company.
 • AMZN is performing well relative to peers. Stay ahead of the curve here.…","Amazon.com Inc (NASDAQ:AMZN) is battling fresh labor unrest as thousands of warehouse workers in Germany walked off the job on Black Friday, escalating global pressure on the company.AMZN is performi… [+142 chars]"
AMZN,2025-11-28 13:00:02+00:00,Is This Under-the-Radar High-Yield AI Stock a Buy Now?,"Shutterstock offers a 6.37% dividend yield and is pivoting hard into AI data licensing and model training services, but its stock trades 45% below recent...","The global artificial intelligence market is valued at nearly $260 billion in 2025 and is expected to climb past $1.2 trillion by 2030, according to Statista Market Insights. Big tech names like Amaz… [+6297 chars]"
AMZN,2025-11-28 11:15:33+00:00,S&P Futures Halted Due to CME Outage,December S&P 500 E-Mini futures (ESZ25) were indicated up +0.10% before a technical outage at the Chicago Mercantile Exchange disrupted trading.,"December S&amp;P 500 E-Mini futures (ESZ25) were indicated up +0.10% before a technical outage at the Chicago Mercantile Exchange disrupted trading.
Trading of futures and options on the CME was hal… [+10914 chars]"
AMZN,2025-11-28 08:51:32+00:00,Stan The Man 2025 1080p AMZN WEB-DL H264-playWEB,Plot: From coaching football in the Pros to living on the streets. Stan must choose to face his demons and beat his addiction if he is to turn his life around and take a small Christian High School to it’s first ever state football championship.Genre: DramaIM…,Plot: From coaching football in the Pros to living on the streets. Stan must choose to face his demons and beat his addiction if he is to turn his life around and take a small Christian High School t… [+894 chars]
AMZN,2025-11-28 08:49:10+00:00,Inconceivable The Secret Business Of Brding Humans 2022 1080p AMZN WEB-DL H264-vase,"Plot: Investigative journalist Sarah Dingle thought she was an only child, but after discovering at the age of 27 that she was donor conceived, she begins a confronting journey that reveals she could not have been further from the truth. Genre: DocumentaryIMD…","Plot: Investigative journalist Sarah Dingle thought she was an only child, but after discovering at the age of 27 that she was donor conceived, she begins a confronting journey that reveals she could… [+563 chars]"
AMZN,2025-11-28 08:15:33+00:00,Breed of Greed 2025 1080p AMZN WEB-DL H264-playWEB,"Plot: A pharma dynasty reunites after their patriarch's strange death. As family members battle each other, a curse feeds on their avarice. Their painkiller fortune can't save them from what's coming. Genre: ThrillerIMDB Rating Live: IMDB Rating: 7/10 From 92…","Plot: A pharma dynasty reunites after their patriarch's strange death. As family members battle each other, a curse feeds on their avarice. Their painkiller fortune can't save them from what's coming… [+553 chars]"
AMZN,2025-11-28 08:15:16+00:00,Sense And Sensibility A Modern Retelling 2025 1080p AMZN WEB-DL H264-playWEB,"Plot: After the death of her father, level-headed Elle Dashwood returns home to help her family - only to find herself, and her free-spirited sister, swept up in the chaos of family antics and unexpected romance. Genre: Comedy | RomanceIMDB Rating Live: IMDB …","Plot: After the death of her father, level-headed Elle Dashwood returns home to help her family - only to find herself, and her free-spirited sister, swept up in the chaos of family antics and unexpe… [+618 chars]"
AMZN,2025-11-28 07:41:21+00:00,Heated Rivalry S01E02 720p AMZN WEB-DL H264-RAWR,"Season 1, Episode 02 – ""Olympians""Shane and Ilya keep their secret fling alive while their growing connection is tested by personal and professional pressures. Links: HOMEPAGE – TVDBHeated.Rivalry.S01E02.720p.AMZN.WEB-DL.H264-RAWRMKV | AC3 / dolby digital plu…","Season 1, Episode 02 ""Olympians""Shane and Ilya keep their secret fling alive while their growing connection is tested by personal and professional pressures. 
Links:HOMEPAGE  TVDB
Heated.Rivalry.S0… [+394 chars]"
AMZN,2025-11-28 07:32:41+00:00,Heated Rivalry S01E01 720p AMZN WEB-DL H264-RAWR,"Shane Hollander and Ilya Rozanov are two of the biggest stars in Major League Hockey, bound by ambition, rivalry and a magnetic pull neither of them fully understands. What begins as a secret fling between two confused teenagers at 17 evolves into a years-lon…","Shane Hollander and Ilya Rozanov are two of the biggest stars in Major League Hockey, bound by ambition, rivalry and a magnetic pull neither of them fully understands. What begins as a secret fling b… [+1198 chars]"
AMZN,2025-11-28 06:27:36+00:00,Project Runway Canada S01E03 720p AMZN WEB-DL H264-RAWR,"Season 1, Episode 03 – “Fit For The Future”Links: HOMEPAGE – TVDBProject.Runway.Canada.S01E03.720p.AMZN.WEB-DL.H264-RAWRMKV | AC3 / dolby digital plus | 1.34GBNFO – Subtitles – Screenshot – Torrent – NiTROFLARE – RAPiDGATORProject.Runway.Canada.S01E03.1080p.A…","Season 1, Episode 03 “Fit For The Future”
Links:HOMEPAGE  TVDB
Project.Runway.Canada.S01E03.720p.AMZN.WEB-DL.H264-RAWRMKV | AC3 / dolby digital plus | 1.34GBNFO – SubtitlesScreenshotTorrentNiTROFLA… [+278 chars]"
AMZN,2025-11-28 06:21:31+00:00,"Amazon.com, Inc. (AMZN) Strengthens AI Momentum with HCLTech Partnership",Amazon.com Inc. (NASDAQ:AMZN) is one of the AI stocks analysts are betting on. HCLTech announced a new partnership with Amazon Web Services on November 25...,"Amazon.com Inc. (NASDAQ:AMZN) is one of the AI stocks analysts are betting on. HCLTech announced a new partnership with Amazon Web Services on November 25, aimed at speeding up innovation in the fina… [+2575 chars]"
AMZN,2025-11-28 04:50:18+00:00,The Christmas Ring 2025 720p AMZN WEB-DL H264-FLYN,"Plot: A military widow falls in love while searching for her lost family heirloom. Genre: RomanceIMDB Rating Live: IMDB Rating: 7.5/10 From 83 UsersTMDB Rating: N/ARotten Rating: N/AMetacritic Rating: N/ADirected by: Tyler RussellStarring: Kelsey Grammer , Ja…","Plot: A military widow falls in love while searching for her lost family heirloom. 
Genre: RomanceIMDB Rating Live:IMDB Rating: 7.5/10 From 83 UsersTMDB Rating: N/ARotten Rating: N/AMetacritic Ratin… [+454 chars]"
AMZN,2025-11-28 02:12:26+00:00,Canadas Drag Race S06E02 720p AMZN WEB-DL H264-RAWR,"Season 6, Episode 02 – “Yachty Girls”The queens team up to write and film cruise ship commercials. Guest judge is Glamzilla.Links: HOMEPAGE – TVDBCanadas.Drag.Race.S06E02.720p.AMZN.WEB-DL.DDP5.1.H.264-RAWRMKV | AC3 / dolby digital plus | 1.86GBNFO – Subtitles…","Season 6, Episode 02 “Yachty Girls”The queens team up to write and film cruise ship commercials. Guest judge is Glamzilla.
Links:HOMEPAGE  TVDB
Canadas.Drag.Race.S06E02.720p.AMZN.WEB-DL.DDP5.1.H.26… [+498 chars]"
AMZN,2025-11-28 00:30:02+00:00,This AI Dividend Stock Is a Buy Even as the S&P 500’s Yield Falls to Dot-Com Lows,"The S&P 500 Index’s dividend yield is now at levels last seen during the dot-com boom. For tech investors, though, Microsoft looks like a good buy given its ...","Investors have been swamped with headlines comparing todays market, particularly the artificial intelligence (AI) trade, to dot-com days. Big Short investor Michael Burry has also joined the AI bubbl… [+4837 chars]"
